brewery_id,day_of_week,open_time,close_time
attaboy,monday,,
attaboy,tuesday,12:00,22:00
attaboy,wednesday,12:00,22:00
attaboy,thursday,12:00,22:00
attaboy,friday,12:00,22:00
attaboy,saturday,12:00,22:00
attaboy,sunday,12:00,22:00
brewers-alley,monday,11:00,23:30
brewers-alley,tuesday,11:00,23:30
brewers-alley,wednesday,11:00,23:30
brewers-alley,thursday,11:00,23:30
brewers-alley,friday,11:00,01:00
brewers-alley,saturday,11:00,01:00
brewers-alley,sunday,11:00,23:30
liquidity,monday,15:00,21:00
liquidity,tuesday,15:00,21:00
liquidity,wednesday,15:00,21:00
liquidity,thursday,15:00,21:00
liquidity,friday,12:00,22:00
liquidity,saturday,12:00,22:00
liquidity,sunday,12:00,20:00
midnight-run,monday,,
midnight-run,tuesday,,
midnight-run,wednesday,17:00,22:00
midnight-run,thursday,17:00,22:00
midnight-run,friday,16:00,22:00
midnight-run,saturday,12:00,22:00
midnight-run,sunday,12:00,20:00
milkhouse,monday,,
milkhouse,tuesday,,
milkhouse,wednesday,,
milkhouse,thursday,17:00,20:00
milkhouse,friday,15:00,20:00
milkhouse,saturday,13:00,20:00
milkhouse,sunday,13:00,18:00
monocacy,monday,15:00,21:00
monocacy,tuesday,15:00,21:00
monocacy,wednesday,15:00,22:00
monocacy,thursday,15:00,22:00
monocacy,friday,12:00,22:00
monocacy,saturday,12:00,22:00
monocacy,sunday,12:00,20:00
olde-mother,monday,11:00,22:00
olde-mother,tuesday,11:00,22:00
olde-mother,wednesday,11:00,22:00
olde-mother,thursday,11:00,22:00
olde-mother,friday,11:00,22:00
olde-mother,saturday,11:00,22:00
olde-mother,sunday,11:00,19:00
prospect-point,monday,,
prospect-point,tuesday,,
prospect-point,wednesday,15:00,21:00
prospect-point,thursday,15:00,21:00
prospect-point,friday,15:00,21:00
prospect-point,saturday,12:00,21:00
prospect-point,sunday,12:00,18:00
rak,monday,11:00,22:00
rak,tuesday,11:00,22:00
rak,wednesday,11:00,22:00
rak,thursday,11:00,22:00
rak,friday,11:00,23:00
rak,saturday,11:00,23:00
rak,sunday,11:00,20:00
rockwell,monday,15:00,21:00
rockwell,tuesday,15:00,21:00
rockwell,wednesday,15:00,21:00
rockwell,thursday,15:00,21:00
rockwell,friday,12:00,22:30
rockwell,saturday,12:00,22:30
rockwell,sunday,12:00,20:00
sandbox,monday,16:00,21:30
sandbox,tuesday,16:00,21:30
sandbox,wednesday,16:00,21:30
sandbox,thursday,16:00,21:30
sandbox,friday,15:00,22:30
sandbox,saturday,12:00,22:30
sandbox,sunday,12:00,20:00
smoketown,monday,,
smoketown,tuesday,,
smoketown,wednesday,15:00,21:00
smoketown,thursday,15:00,21:00
smoketown,friday,15:00,22:00
smoketown,saturday,12:00,22:00
smoketown,sunday,12:00,20:00
springfield-manor,monday,,
springfield-manor,tuesday,,
springfield-manor,wednesday,,
springfield-manor,thursday,,
springfield-manor,friday,17:00,21:00
springfield-manor,saturday,12:00,18:00
springfield-manor,sunday,12:00,18:00
steinhardt,monday,,
steinhardt,tuesday,,
steinhardt,wednesday,16:00,22:00
steinhardt,thursday,16:00,22:00
steinhardt,friday,12:00,23:00
steinhardt,saturday,12:00,23:00
steinhardt,sunday,12:00,20:00
