food_truck_event_id,brewery_id,vendor_name,start_at,end_at,source_id
food-f5261a115f57537e86ec,steinhardt,DF 26 Mexican Food,2026-09-04T13:00:00-04:00,2026-09-04T20:00:00-04:00,steinhardt-food-trucks
food-069c40861da746d678f4,steinhardt,Three Daughters,2026-09-05T13:00:00-04:00,2026-09-05T20:00:00-04:00,steinhardt-food-trucks
food-7f59922471ac67baaef2,steinhardt,Traditional Authentic Mexican,2026-09-06T13:00:00-04:00,2026-09-06T19:00:00-04:00,steinhardt-food-trucks
food-3052b5f44bfb63704516,steinhardt,DF 26 Mexican Food,2026-09-09T17:00:00-04:00,2026-09-09T21:00:00-04:00,steinhardt-food-trucks
food-e1fc225d2e835cd2a858,monocacy,The Alley Wagon,2026-09-10,,monocacy-food-trucks
food-2660e9d48c84f67ac227,steinhardt,Three Daughters,2026-09-10T17:00:00-04:00,2026-09-10T21:00:00-04:00,steinhardt-food-trucks
food-64d03658cdb0e84c6ef4,steinhardt,Angry Italian Pizza,2026-09-11T13:00:00-04:00,2026-09-11T20:00:00-04:00,steinhardt-food-trucks
food-40165a2d3367be95f859,steinhardt,Bub-B-Que,2026-09-12T13:00:00-04:00,2026-09-12T20:00:00-04:00,steinhardt-food-trucks
food-52fe42bb639bea76f15c,steinhardt,Traditional Authentic Mexican,2026-09-13T13:00:00-04:00,2026-09-13T19:00:00-04:00,steinhardt-food-trucks
food-fa50cdfb447f8e2e38d7,steinhardt,DF 26 Mexican Food,2026-09-16T17:00:00-04:00,2026-09-16T21:00:00-04:00,steinhardt-food-trucks
food-ff6d82bb4d76a571d4fa,monocacy,The Alley Wagon,2026-09-17,,monocacy-food-trucks
food-386785e74b4c54936a24,steinhardt,Three Daughters,2026-09-17T17:00:00-04:00,2026-09-17T21:00:00-04:00,steinhardt-food-trucks
food-4736face6c33eed6ed6a,steinhardt,DF 26 Mexican Food,2026-09-18T13:00:00-04:00,2026-09-18T20:00:00-04:00,steinhardt-food-trucks
food-127ff0400e15c89ea404,steinhardt,Traditional Authentic Mexican,2026-09-19T13:00:00-04:00,2026-09-19T20:00:00-04:00,steinhardt-food-trucks
food-df65cb8a01b3c0b97a3b,steinhardt,Traditional Authentic Mexican,2026-09-20T13:00:00-04:00,2026-09-20T19:00:00-04:00,steinhardt-food-trucks
food-706e1b8d83ca694bf6bd,steinhardt,DF 26 Mexican Food,2026-09-23T17:00:00-04:00,2026-09-23T21:00:00-04:00,steinhardt-food-trucks
food-f4bdef59a3f3dcf90471,monocacy,The Alley Wagon,2026-09-24,,monocacy-food-trucks
food-0537fb218a3bb0a93c57,steinhardt,Three Daughters,2026-09-24T17:00:00-04:00,2026-09-24T21:00:00-04:00,steinhardt-food-trucks
food-d37753d5358c0cdbc5a0,steinhardt,Three Daughters,2026-09-25T13:00:00-04:00,2026-09-25T20:00:00-04:00,steinhardt-food-trucks
food-261e03ed48bdca5a073a,steinhardt,Traditional Authentic Mexican,2026-09-26T13:00:00-04:00,2026-09-26T20:00:00-04:00,steinhardt-food-trucks
food-abca9c5801af840290da,steinhardt,Traditional Authentic Mexican,2026-09-27T13:00:00-04:00,2026-09-27T19:00:00-04:00,steinhardt-food-trucks
food-e4b45c20c60ff356a03d,steinhardt,DF 26 Mexican Food,2026-09-30T17:00:00-04:00,2026-09-30T21:00:00-04:00,steinhardt-food-trucks
food-d6bc1ba1d1f332a5a984,monocacy,The Alley Wagon,2026-10-01,,monocacy-food-trucks
food-31a6af4d6f756fbd7a75,steinhardt,Three Daughters,2026-10-01T17:00:00-04:00,2026-10-01T21:00:00-04:00,steinhardt-food-trucks
food-43999722ff9f4b3389c2,steinhardt,DF 26 Mexican Food,2026-10-02T13:00:00-04:00,2026-10-02T20:00:00-04:00,steinhardt-food-trucks
food-ed85b03cf74274942cac,steinhardt,Traditional Authentic Mexican,2026-10-03T13:00:00-04:00,2026-10-03T20:00:00-04:00,steinhardt-food-trucks
